ID,Title,Difficulty,Solved?,推荐指数,击败,Tags
1,1. Two Sum,Easy,Yes,⭐⭐⭐⭐,73.58,"Array, Hash Table, Two Pointers"
2,2. Add Two Numbers,Medium,Yes,⭐⭐⭐,78.6,"Linked List, Math"
3,3. Longest Substring Without Repeating Characters,Medium,Yes,⭐⭐⭐⭐,84.77,"Hash Table, String, Two Pointers"
4,4. Median of Two Sorted Arrays,Hard,Yes,⭐⭐⭐⭐⭐,54.62,"Array, Binary Search, Divide and Conquer"
5,5. Longest Palindromic Substring,Medium,Yes,⭐⭐⭐⭐,71.57,"DP, String"
6,6. ZigZag Conversion,Medium,Yes,⭐⭐⭐,62.38,"String, 模拟"
7,7. Reverse Integer,Easy,Yes,⭐⭐,60.66,Math
8,8. String to Integer (atoi),Medium,Yes,⭐⭐,51.72,"Math, String"
9,9. Palindrome Number,Easy,Yes,⭐⭐,71.65,Math
10,10. Regular Expression Matching,Hard,Yes,⭐⭐⭐⭐⭐,98.08,"Backtracking, DP, String"
11,11. Container With Most Water,Medium,Yes,⭐⭐⭐⭐,93.47,"Array, Two Pointers"
12,12. Integer to Roman,Medium,Yes,⭐⭐⭐,70.95,"Math, String"
13,13. Roman to Integer,Easy,Yes,⭐⭐⭐,59.53,"Math, String"
14,14. Longest Common Prefix,Easy,Yes,⭐⭐⭐,71.82,String
15,15. 3Sum,Medium,Yes,⭐⭐⭐⭐,91.59,"Array, Two Pointers"
16,16. 3Sum Closest,Medium,Yes,⭐⭐⭐⭐,90.52,"Array, Two Pointers"
17,17. Letter Combinations of a Phone Number,Medium,Yes,⭐⭐⭐⭐,71.59,"Backtracking, String"
18,18. 4Sum,Medium,Yes,⭐⭐⭐⭐,84.01,"Array, Hash Table, Two Pointers"
19,19. Remove Nth Node From End of List,Medium,Yes,⭐⭐⭐,61.47,"Linked List, Two Pointers"
20,20. Valid Parentheses,Easy,Yes,⭐⭐,83.12,"Stack, String"
21,21. Merge Two Sorted Lists,Easy,Yes,⭐⭐,63.71,Linked List
22,22. Generate Parentheses,Medium,Yes,⭐⭐⭐⭐,77.93,"Backtracking, String"
23,23. Merge k Sorted Lists,Hard,Yes,⭐⭐⭐⭐,85.11,"Divide and Conquer, Heap, Linked List"
24,24. Swap Nodes in Pairs,Medium,Yes,⭐⭐⭐,77.49,Linked List
25,25. Reverse Nodes in k-Group,Hard,Yes,⭐⭐⭐,16.37,Linked List
26,26. Remove Duplicates from Sorted Array,Easy,Yes,⭐⭐,79.42,"Array, Two Pointers"
27,27. Remove Element,Easy,Yes,⭐⭐⭐,67.67,"Array, Two Pointers"
28,28. Implement strStr(),Easy,Yes,⭐⭐⭐,59.53,"String, Two Pointers"
29,29. Divide Two Integers,Medium,Yes,⭐⭐⭐,64.74,"Binary Search, Math"
30,30. Substring with Concatenation of All Words,Hard,Yes,⭐⭐⭐⭐,74.17,"Hash Table, String, Two Pointers"
31,31. Next Permutation,Medium,Yes,⭐⭐⭐⭐,98.61,"Array, Math"
32,32. Longest Valid Parentheses,Hard,Yes,⭐⭐⭐⭐⭐,72.19,"DP, Stack, String"
33,33. Search in Rotated Sorted Array,Medium,Yes,⭐⭐⭐⭐⭐,99.17,"Array, Binary Search"
34,34. Find First and Last Position of Element in Sorted Array,Medium,Yes,⭐⭐⭐,18.14,"Array, Binary Search"
35,35. Search Insert Position,Easy,Yes,⭐⭐⭐,91.23,"Array, Binary Search"
36,36. Valid Sudoku,Medium,Yes,⭐⭐⭐,96.99,Hash Table
37,37. Sudoku Solver,Hard,Yes,⭐⭐⭐⭐,63.81,"Backtracking, Hash Table"
38,38. Count and Say,Easy,Yes,⭐⭐,77.11,"Math, String, 模拟"
39,39. Combination Sum,Medium,Yes,⭐⭐⭐⭐,67.85,"Array, Backtracking, DP"
40,40. Combination Sum II,Medium,Yes,⭐⭐⭐⭐,77.75,"Array, Backtracking, DP"
41,41. First Missing Positive,Hard,Yes,⭐⭐⭐⭐,99.27,Array
42,42. Trapping Rain Water,Hard,Yes,⭐⭐⭐⭐,50.16,"Array, Stack, Two Pointers"
43,43. Multiply Strings,Medium,Yes,⭐⭐⭐,24.02,"Math, 模拟"
44,44. Wildcard Matching,Hard,Yes,⭐⭐⭐⭐,59.48,"Backtracking, DP, Greedy, String"
45,45. Jump Game II,Hard,Yes,⭐⭐⭐⭐⭐,35.68,"Array, BFS, Greedy"
46,46. Permutations,Medium,Yes,⭐⭐⭐⭐,64.36,"Backtracking, Recursive"
47,47. Permutations II,Medium,Yes,⭐⭐⭐⭐,39.01,"Backtracking, Recursive"
48,48. Rotate Image,Medium,Yes,⭐⭐⭐,67.49,"Array, Math, 规律"
49,49. Group Anagrams,Medium,Yes,⭐⭐,86.98,Hash Table
50,"50. Pow(x, n)",Medium,Yes,⭐⭐,99.69,"Binary Search, Math, Recursive"
51,51. N-Queens,Hard,Yes,⭐⭐⭐⭐,16.61,Backtracking
52,52. N-Queens II,Hard,Yes,⭐⭐⭐,11.14,Backtracking
53,53. Maximum Subarray,Easy,Yes,⭐⭐⭐⭐,93.77,"Array, DP, Divide and Conquer"
54,54. Spiral Matrix,Medium,Yes,⭐⭐,71.43,"Array, Math, 规律"
55,55. Jump Game,Medium,Yes,⭐⭐⭐⭐,35.35,"Array, DP, Greedy"
56,56. Merge Intervals,Medium,Yes,⭐⭐⭐,75.51,"Array, Sort"
57,57. Insert Interval,Hard,Yes,⭐⭐⭐⭐,31.61,"Array, Binary Search, Sort"
58,58. Length of Last Word,Easy,Yes,⭐⭐,9.71,String
59,59. Spiral Matrix II,Medium,Yes,⭐⭐⭐,70.27,"Math, 规律"
60,60. Permutation Sequence,Medium,Yes,⭐⭐⭐⭐,25.23,"Backtracking, Math"
61,61. Rotate List,Medium,Yes,⭐⭐⭐,100,"Linked List, Two Pointers"
62,62. Unique Paths,Medium,Yes,⭐⭐⭐,81.33,"Array, DP"
63,63. Unique Paths II,Medium,Yes,⭐⭐⭐,25.73,"DP, Matrix"
64,64. Minimum Path Sum,Medium,Yes,⭐⭐⭐,15,"DP, Matrix"
65,65. Valid Number,Hard,Yes,⭐⭐⭐⭐,79.52,Math
66,66. Plus One,Easy,Yes,⭐⭐⭐,60.49,"Array, Math, 模拟"
67,67. Add Binary,Easy,Yes,⭐⭐⭐,80.62,"Math, 模拟"
68,68. Text Justification,Hard,Yes,⭐⭐⭐⭐,76.74,String
69,69. Sqrt(x),Easy,Yes,⭐⭐⭐,81.27,"Binary Search, Math"
70,70. Climbing Stairs,Easy,Yes,⭐⭐⭐,75.24,DP
71,71. Simplify Path,Medium,Yes,⭐⭐⭐,97.42,"Stack, String"
72,72. Edit Distance,Hard,Yes,⭐⭐⭐⭐,98.76,DP
73,73. Set Matrix Zeroes,Medium,Yes,⭐⭐⭐⭐,69.72,Matrix
74,74. Search a 2D Matrix,Medium,Yes,⭐⭐⭐⭐,79.63,"Binary Search, Matrix"
75,75. Sort Colors,Medium,Yes,⭐⭐⭐,26.33,"Array, Sort, Two Pointers"
76,76. Minimum Window Substring,Hard,Yes,⭐⭐⭐⭐,30.1,"Hash Table, Sliding Window, String, Two Pointers"
77,77. Combinations,Medium,Yes,⭐⭐⭐⭐,75.95,"Backtracking, DP"
78,78. Subsets,Medium,Yes,⭐⭐⭐,66.07,"Array, Backtracking, Bit Manipulation"
79,79. Word Search,Medium,Yes,⭐⭐⭐,13.67,"Backtracking, DFS, Matrix"
80,80. Remove Duplicates from Sorted Array II,Medium,Yes,⭐⭐⭐⭐,94.78,"Array, Two Pointers"
81,81. Search in Rotated Sorted Array II,Medium,Yes,⭐⭐⭐⭐,97.61,"Array, Binary Search"
82,82. Remove Duplicates from Sorted List II,Medium,Yes,⭐⭐⭐,92.92,Linked List
83,83. Remove Duplicates from Sorted List,Easy,Yes,⭐⭐⭐,95.28,Linked List
84,84. Largest Rectangle in Histogram,Hard,Yes,⭐⭐⭐⭐⭐,21.08,Stack
85,85. Maximal Rectangle,Hard,Yes,⭐⭐⭐⭐,24.96,"DP, Matrix, Stack"
86,86. Partition List,Medium,Yes,⭐⭐,97.65,"Linked List, Two Pointers"
87,87. Scramble String,Hard,Yes,⭐⭐⭐⭐⭐,98.38,"DP, String"
88,88. Merge Sorted Array,Easy,Yes,⭐⭐⭐,81.79,"Array, Two Pointers"
89,89. Gray Code,Medium,Yes,⭐⭐⭐⭐,98.4,"Backtracking, Recursive, 规律"
90,90. Subsets II,Medium,Yes,⭐⭐⭐⭐,100,"Array, Backtracking, Recursive"
91,91. Decode Ways,Medium,Yes,⭐⭐⭐,99.97,"DP, String"
92,92. Reverse Linked List II,Medium,Yes,⭐⭐⭐⭐,65.21,Linked List
93,93. Restore IP Addresses,Medium,Yes,⭐⭐⭐⭐,92.86,"Backtracking, DP"
94,94. Binary Tree Inorder Traversal,Easy,Yes,⭐⭐⭐⭐,98.54,"Recursive, Stack, Tree"
95,95. Unique Binary Search Trees II,Medium,Yes,⭐⭐⭐,96.22,"DP, Tree"
96,96. Unique Binary Search Trees,Medium,Yes,⭐⭐,74.08,"DP, Tree"
97,97. Interleaving String,Hard,Yes,⭐⭐⭐⭐,98.92,"DP, String"
98,98. Validate Binary Search Tree,Medium,Yes,⭐⭐⭐,18.63,"Recursive, Tree"
99,99. Recover Binary Search Tree,Hard,Yes,⭐⭐⭐⭐⭐,77.82,"DFS, Tree"
100,100. Same Tree,Easy,Yes,⭐⭐,12.65,"Recursive, Tree"
103,103. Binary Tree Zigzag Level Order Traversal,Medium,Yes,⭐⭐,97.72,"BFS, Stack, Tree"
109,109. Convert Sorted List to Binary Search Tree,Medium,Yes,⭐⭐⭐,38.82,"DFS, Linked List"
115,115. Distinct Subsequences,Hard,Yes,⭐⭐⭐⭐,97.27,"DP, String"
118,118. Pascal's Triangle,Easy,Yes,⭐⭐,69.43,"Array, Math"
138,138. Copy List with Random Pointer,Medium,Yes,⭐⭐⭐,89.78,"Hash Table, Linked List"
141,141. Linked List Cycle,Easy,Yes,⭐⭐⭐⭐,,"Linked List, Two Pointers"
142,142. Linked List Cycle II,Medium,Yes,⭐⭐⭐⭐,,"Linked List, Two Pointers"
143,143. Reorder List,Medium,Yes,⭐,,Linked List
144,144. Binary Tree Preorder Traversal,Medium,Yes,⭐⭐⭐,79.54,"Stack, Tree"
145,145. Binary Tree Postorder Traversal,Medium,Yes,⭐⭐⭐,98.62,"Stack, Tree"
147,147. Insertion Sort List,Medium,Yes,⭐⭐,,"Linked List, Sort"
148,148. Sort List,Medium,Yes,⭐⭐⭐⭐,84.71,"Linked List, Sort"
150,150. Evaluate Reverse Polish Notation,Medium,Yes,⭐⭐,,Stack
155,155. Min Stack,Easy,Yes,⭐⭐⭐⭐,,"Design, Stack"
160,160. Intersection of Two Linked Lists,Easy,Yes,⭐⭐⭐⭐,47.51,Linked List
167,167. Two Sum II - Input array is sorted,Easy,Yes,⭐⭐,99.98,"Array, Binary Search, Two Pointers"
173,173. Binary Search Tree Iterator,Medium,Yes,⭐⭐⭐,78.02,"Design, Stack, Tree"
189,189. Rotate Array,Easy,Yes,⭐⭐⭐⭐,58.39,Array
203,203. Remove Linked List Elements,Easy,Yes,⭐⭐,98.14,Linked List
206,206. Reverse Linked List,Easy,Yes,⭐⭐⭐,71.24,Linked List
217,217. Contains Duplicate,Easy,Yes,⭐⭐,100,"Array, Hash Table"
224,224. Basic Calculator,Hard,Yes,⭐⭐⭐⭐,30.16,"Math, Stack"
225,225. Implement Stack using Queues,Easy,Yes,⭐⭐⭐,92.58,"Design, Stack"
232,232. Implement Queue using Stacks,Easy,Yes,⭐⭐⭐,50.37,"Design, Stack"
234,234. Palindrome Linked List,Easy,Yes,⭐⭐,,"Linked List, Two Pointers"
237,237. Delete Node in a Linked List,Easy,Yes,⭐,,Linked List
255,255. Verify Preorder Sequence in Binary Search Tree,Medium,Yes,,,"Stack, Tree"
272,272. Closest Binary Search Tree Value II,Hard,Yes,,,"Stack, Tree"
316,316. Remove Duplicate Letters,Medium,Yes,⭐⭐⭐⭐,98.97,"Greedy, Stack, String"
328,328. Odd Even Linked List,Medium,Yes,⭐⭐,,
331,331. Verify Preorder Serialization of a Binary Tree,Medium,Yes,⭐⭐⭐⭐,91.35,Stack
341,341. Flatten Nested List Iterator,Medium,Yes,⭐⭐⭐,,"Design, Stack"
369,369. Plus One Linked List,Medium,Yes,,,
371,371. Sum of Two Integers,Easy,No,⭐⭐⭐⭐⭐,100,Bit Manipulation
379,379. Design Phone Directory,Medium,Yes,,,
385,385. Mini Parser,Medium,Yes,⭐⭐⭐,82.81,"Stack, String"
394,394. Decode String,Medium,Yes,⭐⭐⭐,75.76,"DFS, Stack"
402,402. Remove K Digits,Medium,Yes,⭐⭐⭐,93.16,"Greedy, Stack"
426,426. Convert Binary Search Tree to Sorted Doubly Linked List,Medium,Yes,,,Linked List
430,430. Flatten a Multilevel Doubly Linked List,Medium,Yes,⭐⭐,67.89,"DFS, Linked List"
439,439. Ternary Expression Parser,Medium,Yes,,,"DFS, Stack"
445,445. Add Two Numbers II,Medium,Yes,⭐⭐,,Linked List
621,621. Task Scheduler,Medium,No,⭐⭐⭐⭐,,
918,918. Maximum Sum Circular Subarray,Medium,No,⭐⭐⭐⭐⭐,80.82,"Array, DP"
980,980. Unique Paths III,Hard,No,⭐⭐⭐⭐,90.15,"Backtracking, DFS"
1456,1456. Maximum Number of Vowels in a Substring of Given Length,Medium,Yes,⭐⭐⭐,89.13,"Sliding Window, String"
456,456. 132 Pattern,Medium,Yes,⭐⭐⭐⭐,98.55,Stack
101,101. Symmetric Tree,Easy,Yes,⭐⭐,93.75,"BFS, DFS, Tree"
102,102. Binary Tree Level Order Traversal,Medium,Yes,⭐⭐,95.13,"BFS, Tree"
104,104. Maximum Depth of Binary Tree,Easy,Yes,⭐⭐,98.2,"DFS, Tree"
105,105. Construct Binary Tree from Preorder and Inorder Traversal,Medium,Yes,⭐⭐⭐,37.7,"Array, DFS, Tree"
106,106. Construct Binary Tree from Inorder and Postorder Traversal,Medium,Yes,⭐⭐,25.5,"Array, DFS, Tree"
107,107. Binary Tree Level Order Traversal II,Easy,Yes,⭐⭐,83.74,"BFS, Tree"
108,108. Convert Sorted Array to Binary Search Tree,Easy,Yes,⭐⭐,89.76,"DFS, Tree"
110,110. Balanced Binary Tree,Easy,Yes,⭐⭐⭐,83.22,"DFS, Tree"
111,111. Minimum Depth of Binary Tree,Easy,Yes,⭐⭐⭐,37.09,"BFS, DFS, Tree"
112,112. Path Sum,Easy,Yes,⭐⭐⭐,85.33,"DFS, Tree"
113,113. Path Sum II,Medium,Yes,⭐⭐⭐,91.8,"DFS, Tree"
114,114. Flatten Binary Tree to Linked List,Medium,Yes,⭐⭐⭐,98.07,"DFS, Tree"
116,116. Populating Next Right Pointers in Each Node,Medium,Yes,⭐⭐⭐,94.36,"DFS, Tree"
117,117. Populating Next Right Pointers in Each Node II,Medium,Yes,⭐⭐⭐⭐,75.65,"DFS, Tree"
119,119. Pascal's Triangle II,Easy,Yes,⭐⭐,52.16,Array
120,120. Triangle,Medium,Yes,⭐⭐⭐,98.85,"Array, DP"
146,146. LRU Cache,Medium,Yes,⭐⭐⭐⭐,39.4,Design
149,149. Max Points on a Line,Hard,Yes,⭐⭐⭐⭐,81.4,"Hash Table, Math"
125,125. Valid Palindrome,Easy,Yes,⭐⭐,66.96,"String, Two Pointers"
136,136. Single Number,Easy,Yes,⭐⭐⭐,53.3,"Bit Manipulation, Hash Table"
157,157. Read N Characters Given Read4,Easy,Yes,,,
168,168. Excel Sheet Column Title,Easy,Yes,⭐⭐⭐,70.7,Math
169,169. Majority Element,Easy,Yes,⭐⭐⭐⭐,96.52,"Array, Bit Manipulation, Divide and Conquer"
170,170. Two Sum III - Data structure design,Easy,Yes,,,
171,171. Excel Sheet Column Number,Easy,Yes,⭐⭐,87.04,Math
172,172. Factorial Trailing Zeroes,Easy,Yes,⭐⭐⭐,99,Math
175,175. Combine Two Tables,Easy,Yes,⭐⭐,93.47,SQL
176,176. Second Highest Salary,Easy,Yes,⭐⭐,71,SQL
181,181. Employees Earning More Than Their Managers,Easy,Yes,⭐⭐,37.74,SQL
182,182. Duplicate Emails,Easy,Yes,⭐⭐,93.54,SQL
183,183. Customers Who Never Order,Easy,Yes,⭐⭐,26.92,SQL
190,190. Reverse Bits,Easy,Yes,⭐⭐⭐⭐,100,Bit Manipulation
191,191. Number of 1 Bits,Easy,Yes,⭐⭐⭐⭐,100,Bit Manipulation
193,193. Valid Phone Numbers,Easy,Yes,⭐⭐,31,Shell
195,195. Tenth Line,Easy,Yes,⭐⭐,76.05,Shell
196,196. Delete Duplicate Emails,Easy,Yes,⭐⭐,75.77,SQL
197,197. Rising Temperature,Easy,Yes,⭐⭐,68.66,SQL
198,198. House Robber,Easy,Yes,⭐⭐⭐,86.55,DP
199,199. Binary Tree Right Side View,Medium,Yes,⭐⭐⭐,34.77,"BFS, DFS, Tree"
200,200. Number of Islands,Medium,Yes,⭐⭐⭐,46.69,"BFS, DFS, Union Find"
192,192. Word Frequency,Medium,Yes,⭐⭐,100,Shell
194,194. Transpose File,Medium,Yes,⭐⭐,81.02,Shell
174,174. Dungeon Game,Hard,Yes,⭐⭐⭐⭐,32.32,"Binary Search, DP"
177,177. Nth Highest Salary,Medium,Yes,⭐⭐,35.09,SQL
178,178. Rank Scores,Medium,Yes,⭐⭐,42.06,SQL
179,179. Largest Number,Medium,Yes,⭐⭐⭐⭐,49.09,Sort
180,180. Consecutive Numbers,Medium,Yes,⭐⭐,90.77,SQL
184,184. Department Highest Salary,Medium,Yes,⭐⭐,53.11,SQL
185,185. Department Top Three Salaries,Hard,Yes,⭐⭐,38.7,SQL
186,186. Reverse Words in a String II,Medium,Yes,,,
187,187. Repeated DNA Sequences,Medium,Yes,⭐⭐⭐,42.37,"Bit Manipulation, Hash Table"
188,188. Best Time to Buy and Sell Stock IV,Hard,Yes,⭐⭐⭐⭐⭐,100,DP
161,161. One Edit Distance,Medium,Yes,,,
163,163. Missing Ranges,Medium,Yes,,,
162,162. Find Peak Element,Medium,Yes,⭐⭐⭐⭐,99.7,"Array, Binary Search"
153,153. Find Minimum in Rotated Sorted Array,Medium,Yes,⭐⭐⭐,96.63,"Array, Binary Search"
154,154. Find Minimum in Rotated Sorted Array II,Hard,Yes,⭐⭐⭐⭐,68.38,"Array, Binary Search"
156,156. Binary Tree Upside Down,Medium,Yes,,,
158,158. Read N Characters Given Read4 II - Call multiple times,Hard,Yes,,,
159,159. Longest Substring with At Most Two Distinct Characters,Medium,Yes,,,
151,151. Reverse Words in a String,Medium,Yes,⭐,63.05,String
132,132. Palindrome Partitioning II,Hard,Yes,⭐⭐⭐⭐,84.82,DP
164,164. Maximum Gap,Hard,Yes,⭐⭐⭐⭐,23.33,Sort
165,165. Compare Version Numbers,Medium,Yes,⭐⭐,38.82,String
166,166. Fraction to Recurring Decimal,Medium,Yes,⭐⭐⭐,80.41,"Hash Table, Math"
152,152. Maximum Product Subarray,Medium,Yes,⭐⭐⭐,83.51,"Array, DP"
139,139. Word Break,Medium,Yes,⭐⭐⭐,92.09,DP
140,140. Word Break II,Hard,Yes,⭐⭐⭐,75.75,"Backtracking, DP"
130,130. Surrounded Regions,Medium,Yes,⭐⭐⭐,78.74,"BFS, DFS, Union Find"
131,131. Palindrome Partitioning,Medium,Yes,⭐⭐⭐,98.36,"Backtracking, DP"
137,137. Single Number II,Medium,Yes,⭐⭐⭐⭐⭐,95.33,Bit Manipulation
133,133. Clone Graph,Medium,Yes,⭐⭐⭐,50.53,"BFS, DFS, Graph"
134,134. Gas Station,Medium,Yes,⭐⭐⭐⭐,81.07,"DP, Greedy"
135,135. Candy,Hard,Yes,⭐⭐⭐⭐,88.67,Greedy
127,127. Word Ladder,Medium,Yes,⭐⭐⭐,86.26,BFS
126,126. Word Ladder II,Hard,Yes,⭐⭐⭐⭐,93.29,"Array, BFS, Backtracking, String"
128,128. Longest Consecutive Sequence,Hard,Yes,⭐⭐⭐⭐,94.88,"Array, Union Find"
129,129. Sum Root to Leaf Numbers,Medium,Yes,⭐⭐⭐,96.75,"DFS, Tree"
124,124. Binary Tree Maximum Path Sum,Hard,Yes,⭐⭐⭐⭐,93.98,"DFS, Tree"
121,121. Best Time to Buy and Sell Stock,Easy,Yes,⭐⭐⭐,92.49,"Array, DP"
122,122. Best Time to Buy and Sell Stock II,Easy,Yes,⭐⭐⭐⭐,99.87,"Array, Greedy"
123,123. Best Time to Buy and Sell Stock III,Hard,Yes,⭐⭐⭐⭐⭐,30.66,"Array, DP"
202,202. Happy Number,Easy,Yes,⭐⭐⭐,56.14,"Hash Table, Math"
204,204. Count Primes,Easy,Yes,⭐⭐⭐,45.21,"Hash Table, Math"
205,205. Isomorphic Strings,Easy,Yes,⭐⭐⭐,84.64,Hash Table
219,219. Contains Duplicate II,Easy,Yes,⭐⭐⭐,98.93,"Array, BFS, Hash Table"
226,226. Invert Binary Tree,Easy,Yes,⭐⭐⭐,99.06,Tree
228,228. Summary Ranges,Easy,Yes,⭐⭐⭐,89.68,Array
231,231. Power of Two,Easy,Yes,⭐⭐⭐,100,"Bit Manipulation, Math"
235,235. Lowest Common Ancestor of a Binary Search Tree,Easy,Yes,⭐⭐⭐,80.75,Tree
242,242. Valid Anagram,Easy,Yes,⭐⭐,74.98,"Hash Table, Sort"
244,244. Shortest Word Distance II,Medium,Yes,,,
243,243. Shortest Word Distance,Easy,Yes,,,
245,245. Shortest Word Distance III,Medium,Yes,,,
247,247. Strobogrammatic Number II,Medium,Yes,,,
246,246. Strobogrammatic Number,Easy,Yes,,,
248,248. Strobogrammatic Number III,Hard,Yes,,,
249,249. Group Shifted Strings,Medium,Yes,,,
250,250. Count Univalue Subtrees,Medium,Yes,,,
251,251. Flatten 2D Vector,Medium,Yes,,,
252,252. Meeting Rooms,Easy,Yes,,,
253,253. Meeting Rooms II,Medium,Yes,,,
254,254. Factor Combinations,Medium,Yes,,,
259,259. 3Sum Smaller,Medium,Yes,,,
256,256. Paint House,Medium,Yes,,,
261,261. Graph Valid Tree,Medium,Yes,,,
265,265. Paint House II,Hard,Yes,,,
266,266. Palindrome Permutation,Easy,Yes,,,
267,267. Palindrome Permutation II,Medium,Yes,,,
269,269. Alien Dictionary,Hard,Yes,,,
271,271. Encode and Decode Strings,Medium,Yes,,,
270,270. Closest Binary Search Tree Value,Easy,Yes,,,
277,277. Find the Celebrity,Medium,Yes,,,
280,280. Wiggle Sort,Medium,Yes,,,
276,276. Paint Fence,Easy,Yes,,,
281,281. Zigzag Iterator,Medium,Yes,,,
286,286. Walls and Gates,Medium,Yes,,,
285,285. Inorder Successor in BST,Medium,Yes,,,
291,291. Word Pattern II,Hard,Yes,,,
288,288. Unique Word Abbreviation,Medium,Yes,,,
293,293. Flip Game,Easy,Yes,,,
294,294. Flip Game II,Medium,Yes,,,
296,296. Best Meeting Point,Hard,Yes,,,
298,298. Binary Tree Longest Consecutive Sequence,Medium,Yes,,,
257,257. Binary Tree Paths,Easy,Yes,⭐⭐⭐,88.54,"DFS, Tree"
258,258. Add Digits,Easy,Yes,⭐⭐⭐⭐,95.87,Math
263,263. Ugly Number,Easy,Yes,⭐⭐,83.73,Math
268,268. Missing Number,Easy,Yes,⭐⭐⭐,94.8,"Array, Bit Manipulation, Math"
278,278. First Bad Version,Easy,Yes,⭐⭐⭐,97.77,Binary Search
283,283. Move Zeroes,Easy,Yes,⭐⭐⭐,99.87,"Array, Two Pointers"
290,290. Word Pattern,Easy,Yes,⭐⭐⭐,71.36,Hash Table
292,292. Nim Game,Easy,Yes,⭐⭐⭐,32.05,"Brainteaser, Minimax"
201,201. Bitwise AND of Numbers Range,Medium,Yes,⭐⭐⭐⭐,92.66,Bit Manipulation
207,207. Course Schedule,Medium,Yes,⭐⭐⭐⭐,90,"BFS, DFS, Graph, Topological Sort"
208,208. Implement Trie (Prefix Tree),Medium,Yes,⭐⭐⭐,29.54,"Design, Trie"
209,209. Minimum Size Subarray Sum,Medium,Yes,⭐⭐⭐,52.08,"Array, Binary Search, Two Pointers"
210,210. Course Schedule II,Medium,Yes,⭐⭐⭐,67.16,"BFS, DFS, Graph, Topological Sort"
240,240. Search a 2D Matrix II,Medium,Yes,⭐⭐⭐⭐,67.58,"Binary Search, Divide and Conquer"
241,241. Different Ways to Add Parentheses,Medium,Yes,⭐⭐⭐⭐,99.79,Divide and Conquer
260,260. Single Number III,Medium,Yes,⭐⭐⭐⭐,98.81,Bit Manipulation
262,262. Trips and Users,Hard,Yes,⭐⭐,88.96,SQL
264,264. Ugly Number II,Medium,Yes,⭐⭐⭐⭐,51.63,"DP, Heap, Math"
1584,1584. Min Cost to Connect All Points,Medium,Yes,⭐⭐⭐⭐,90.43,Union Find
295,295. Find Median from Data Stream,Hard,Yes,⭐⭐⭐⭐,77.66,"Design, Heap"
299,299. Bulls and Cows,Medium,Yes,⭐⭐⭐,29.18,Hash Table
300,300. Longest Increasing Subsequence,Medium,Yes,⭐⭐⭐⭐,76.16,"Binary Search, DP"
297,297. Serialize and Deserialize Binary Tree,Hard,Yes,⭐⭐⭐⭐,83.27,"Design, Tree"
273,273. Integer to English Words,Hard,Yes,⭐⭐⭐⭐,66.95,"Math, String"
274,274. H-Index,Medium,Yes,⭐⭐⭐⭐,87.71,"Binary Search, Hash Table, Sort"
275,275. H-Index II,Medium,Yes,⭐⭐⭐,99.68,Binary Search
279,279. Perfect Squares,Medium,Yes,⭐⭐⭐,64.65,"BFS, DP, Math"
282,282. Expression Add Operators,Hard,Yes,⭐⭐⭐⭐,77.8,"Backtracking, Divide and Conquer"
284,284. Peeking Iterator,Medium,Yes,⭐⭐⭐,84.39,Design
287,287. Find the Duplicate Number,Medium,Yes,⭐⭐⭐⭐,71.21,"Array, Binary Search, Two Pointers"
289,289. Game of Life,Medium,Yes,⭐⭐⭐,72.18,Array
230,230. Kth Smallest Element in a BST,Medium,Yes,⭐⭐⭐,79.75,"Binary Search, Tree"
233,233. Number of Digit One,Hard,Yes,⭐⭐⭐⭐,37.5,Math
236,236. Lowest Common Ancestor of a Binary Tree,Medium,Yes,⭐⭐⭐⭐,94.26,Tree
238,238. Product of Array Except Self,Medium,Yes,⭐⭐⭐,30.78,Array
239,239. Sliding Window Maximum,Hard,Yes,⭐⭐⭐⭐,57.56,"Heap, Sliding Window"
229,229. Majority Element II,Medium,Yes,⭐⭐⭐,96.98,Array
227,227. Basic Calculator II,Medium,Yes,⭐⭐⭐⭐,99.28,String
223,223. Rectangle Area,Medium,Yes,⭐⭐,84.08,Math
222,222. Count Complete Tree Nodes,Medium,Yes,⭐⭐⭐,94.83,"Binary Search, Tree"
221,221. Maximal Square,Medium,Yes,⭐⭐⭐⭐,21,DP
220,220. Contains Duplicate III,Medium,Yes,⭐⭐⭐⭐,53.41,"Ordered Map, Sliding Window, Sort"
211,211. Design Add and Search Words Data Structure,Medium,Yes,⭐⭐⭐,7.63,"Backtracking, Design, Trie"
212,212. Word Search II,Hard,Yes,⭐⭐⭐⭐,99.23,"Backtracking, Trie"
213,213. House Robber II,Medium,Yes,⭐⭐⭐⭐,82.16,DP
218,218. The Skyline Problem,Hard,No,,,
214,214. Shortest Palindrome,Hard,Yes,⭐⭐⭐⭐⭐,32.5,"KMP, String"
215,215. Kth Largest Element in an Array,Medium,Yes,⭐⭐⭐⭐,94.81,"Divide and Conquer, Heap"
216,216. Combination Sum III,Medium,Yes,⭐⭐⭐,69.61,"Array, Backtracking"
302,302. Smallest Rectangle Enclosing Black Pixels,Hard,Yes,,,
305,305. Number of Islands II,Hard,Yes,,,
311,311. Sparse Matrix Multiplication,Medium,Yes,,,
308,308. Range Sum Query 2D - Mutable,Hard,Yes,,,
317,317. Shortest Distance from All Buildings,Hard,Yes,,,
314,314. Binary Tree Vertical Order Traversal,Medium,Yes,,,
323,323. Number of Connected Components in an Undirected Graph,Medium,Yes,,,
320,320. Generalized Abbreviation,Medium,Yes,,,
325,325. Maximum Size Subarray Sum Equals k,Medium,Yes,,,
333,333. Largest BST Subtree,Medium,Yes,,,
340,340. Longest Substring with At Most K Distinct Characters,Hard,Yes,,,
339,339. Nested List Weight Sum,Easy,Yes,,,
346,346. Moving Average from Data Stream,Easy,Yes,,,
348,348. Design Tic-Tac-Toe,Medium,Yes,,,
303,303. Range Sum Query - Immutable,Easy,Yes,⭐⭐,99.1,
326,326. Power of Three,Easy,Yes,⭐⭐,,
342,342. Power of Four,Easy,Yes,⭐⭐⭐⭐,53.64,Bit Manipulation
344,344. Reverse String,Easy,Yes,⭐⭐,79.69,
345,345. Reverse Vowels of a String,Easy,Yes,⭐⭐,83.36,
,,,No,,,
349,349. Intersection of Two Arrays,Easy,Yes,⭐⭐,69.59,
350,350. Intersection of Two Arrays II,Easy,Yes,⭐⭐,79.79,
367,367. Valid Perfect Square,Easy,Yes,⭐⭐⭐,75.66,"Binary Search, Math"
351,351. Android Unlock Patterns,Medium,Yes,,,
,,,No,,,
353,353. Design Snake Game,Medium,Yes,,,
356,356. Line Reflection,Medium,Yes,,,
359,359. Logger Rate Limiter,Easy,Yes,,,
360,360. Sort Transformed Array,Medium,Yes,,,
358,358. Rearrange String k Distance Apart,Hard,Yes,,,
362,362. Design Hit Counter,Medium,Yes,,,
361,361. Bomb Enemy,Medium,Yes,,,
364,364. Nested List Weight Sum II,Medium,Yes,,,
366,366. Find Leaves of Binary Tree,Medium,Yes,,,
370,370. Range Addition,Medium,Yes,,,
374,374. Guess Number Higher or Lower,Easy,Yes,⭐⭐,,
383,383. Ransom Note,Easy,Yes,⭐⭐,69.68,
387,387. First Unique Character in a String,Easy,Yes,⭐⭐,71.89,
389,389. Find the Difference,Easy,Yes,⭐⭐⭐,91.82,"Bit Manipulation, Hash Table"
392,392. Is Subsequence,Easy,Yes,⭐⭐⭐,83.56,"Binary Search, DP, Greedy"
304,304. Range Sum Query 2D - Immutable,Medium,Yes,⭐⭐,39.76,
306,306. Additive Number,Medium,Yes,⭐⭐,94.32,
347,347. Top K Frequent Elements,Medium,Yes,⭐⭐⭐,,